{
    "install": "messages/install.txt",
    "v2.0.1": "messages/v2.0.1.txt",
    "v2.0.3": "messages/v2.0.3.txt",
    "v2.0.4": "messages/v2.0.4.txt",
    "v2.1.0": "messages/v2.1.0.txt",
    "v3.0.0": "messages/v3.0.0.txt",
    "v3.2.0": "messages/v3.2.0.txt",
    "v4.0.0": "messages/v4.0.0.txt",
    "v4.1.0": "messages/v4.1.0.txt",
    "v4.4.1": "messages/v4.4.1.txt",
    "v5.0.0": "messages/v5.0.0.txt",
    "v5.2.0": "messages/v5.2.0.txt",
    "v5.3.0": "messages/v5.3.0.txt",
    "v5.4.0": "messages/v5.4.0.txt",
    "v5.5.0": "messages/v5.5.0.txt",
    "v6.0.0": "messages/v6.0.0.txt",
    "v6.1.0": "messages/v6.1.0.txt"
}
